Carnet,Laboratorio
202200352,F
202200239,F
202300608,F
202302220,F
202300485,F
202201889,F
202202912,F
202300596,F
202202525,F
202300644,F
202200280,F
202300668,F
202300434,F
202307534,F
202300580,F
202307805,F
202300484,F
202300687,F
201520539,F
202300331,F
202300625,F
202300611,F
202200378,F
202300720,F
202202273,F
202300673,F
202300458,F
202300796,F
202300813,F
202300645,F
202300535,F
202202809,F
202203306,F
202203257,F
202307705,F
201800989,F
202307775,F
202307711,F
202300687,F
201222010,F
202200126,F
202300582,F
202100264,F
202307272,F
20113309,F
202108106,F
202307826,F
202300500,F
202300669,F
202203365,F
202203124,F
202300733,F
202300848,F
202300824,F
202302232,F
202302156,F
202102886,F
202200011,F
